{
  "model_type": "LogisticRegression",
  "coef": [
    [
      0.03592428771641896,
      9.265713980091697,
      0.21908665873817817,
      -2.075957116170828,
      0.0868346169625626,
      0.9323435002113403,
      -0.4050719230942834
    ]
  ],
  "intercept": [
    2.454903480954395
  ],
  "classes": [
    0,
    1
  ],
  "n_features_in": 7
}