{
  "raw_zero_value": -628.59,
  "raw_ref_value": -715.82,
  "ref_weight_grams": 400.0,
  "scale_factor": -0.21807500000000005,
  "last_calibrated": "2026-03-07T00:16:02.079163"
}
