{
  "means": [
    1.2706621885299683,
    -0.6201516389846802,
    2.899953603744507,
    0.03181639686226845,
    3.0093677043914795,
    0.720853328704834,
    -0.21773841977119446
  ],
  "stds": [
    1.704602599143982,
    0.03112969361245632,
    2.3650665283203125,
    0.044184621423482895,
    2.9416754245758057,
    0.012119844555854797,
    0.11821407079696655
  ],
  "n_samples": 51,
  "timestamp": 1771395508.4792829
}