{
  "means": [
    -2.1175119876861572,
    -0.655052661895752,
    1.4002459049224854,
    -0.05301634222269058,
    5.335736274719238,
    0.7192614674568176,
    -0.29955077171325684
  ],
  "stds": [
    0.7527415156364441,
    0.042498908936977386,
    1.512225866317749,
    0.018901973962783813,
    4.534632205963135,
    0.009161805734038353,
    0.07568652927875519
  ],
  "n_samples": 56,
  "timestamp": 1770836076.195094
}